tile_index,image_name,fishnet_OBJECTID,fishnet_Id,landsat_exists,dem_exists,velocity_exists,crs,width,height,bands,bounds_left,bounds_bottom,bounds_right,bounds_top,transform_a,transform_e,transform_c,transform_f
0,image0.tif,44,0,True,True,True,EPSG:32647,305,179,8,365460.0,3153030.0,374610.0,3158400.0,30.0,-30.0,365460.0,3158400.0
1,image1.tif,86,0,True,True,True,EPSG:32643,1610,1900,8,792000.0,3599910.0,840300.0,3656910.0,30.0,-30.0,792000.0,3656910.0
2,image2.tif,31,0,True,True,True,EPSG:32647,1661,1877,8,266460.0,3098370.0,316290.0,3154680.0,30.0,-30.0,266460.0,3154680.0
3,image3.tif,201,0,True,True,True,EPSG:32642,1488,1846,8,642000.0,4206810.0,686640.0,4262190.0,30.0,-30.0,642000.0,4262190.0
4,image4.tif,25,0,True,True,True,EPSG:32645,570,644,8,741120.0,3099390.0,758220.0,3118710.0,30.0,-30.0,741120.0,3118710.0
5,image5.tif,184,0,True,True,True,EPSG:32643,1540,1867,8,242520.0,4041780.0,288720.0,4097790.0,30.0,-30.0,242520.0,4097790.0
6,image6.tif,130,0,True,True,True,EPSG:32643,309,187,8,832740.0,3823320.0,842010.0,3828930.0,30.0,-30.0,832740.0,3828930.0
7,image7.tif,59,0,True,True,True,EPSG:32644,1609,1667,8,512070.0,3318540.0,560340.0,3368550.0,30.0,-30.0,512070.0,3368550.0
8,image8.tif,20,0,True,True,True,EPSG:32645,1642,1459,8,364830.0,3097260.0,414090.0,3141030.0,30.0,-30.0,364830.0,3141030.0
9,image9.tif,64,0,True,True,True,EPSG:32644,1621,1871,8,320070.0,3374760.0,368700.0,3430890.0,30.0,-30.0,320070.0,3430890.0
10,image10.tif,10,0,True,True,True,EPSG:32645,1696,1895,8,807360.0,3045450.0,858240.0,3102300.0,30.0,-30.0,807360.0,3102300.0
11,image11.tif,16,0,True,True,True,EPSG:32645,1685,1891,8,168060.0,3100290.0,218610.0,3157020.0,30.0,-30.0,168060.0,3157020.0
12,image12.tif,17,0,True,True,True,EPSG:32645,1677,1884,8,217260.0,3099240.0,267570.0,3155760.0,30.0,-30.0,217260.0,3155760.0
13,image13.tif,35,0,True,True,True,EPSG:32644,1650,1867,8,609600.0,3152850.0,659100.0,3208860.0,30.0,-30.0,609600.0,3208860.0
14,image14.tif,36,0,True,True,True,EPSG:32644,1658,1874,8,658320.0,3153420.0,708060.0,3209640.0,30.0,-30.0,658320.0,3209640.0
15,image15.tif,37,0,True,True,True,EPSG:32644,1665,1880,8,707040.0,3154200.0,756990.0,3210600.0,30.0,-30.0,707040.0,3210600.0
16,image16.tif,38,0,True,True,True,EPSG:32645,1678,1891,8,169620.0,3155730.0,219960.0,3212460.0,30.0,-30.0,169620.0,3212460.0
17,image17.tif,45,0,True,True,True,EPSG:32644,1643,1867,8,609060.0,3208260.0,658350.0,3264270.0,30.0,-30.0,609060.0,3264270.0
18,image18.tif,46,0,True,True,True,EPSG:32644,1651,1874,8,657540.0,3208830.0,707070.0,3265050.0,30.0,-30.0,657540.0,3265050.0
19,image19.tif,52,0,True,True,True,EPSG:32644,1619,1853,8,512070.0,3263160.0,560640.0,3318750.0,30.0,-30.0,512070.0,3318750.0
20,image20.tif,53,0,True,True,True,EPSG:32644,1626,1860,8,560310.0,3263310.0,609090.0,3319110.0,30.0,-30.0,560310.0,3319110.0
21,image21.tif,62,0,True,True,True,EPSG:32644,1640,1886,8,224070.0,3376350.0,273270.0,3432930.0,30.0,-30.0,224070.0,3432930.0
22,image22.tif,63,0,True,True,True,EPSG:32644,1632,1879,8,272070.0,3375450.0,321030.0,3431820.0,30.0,-30.0,272070.0,3431820.0
23,image23.tif,67,0,True,True,True,EPSG:32643,1637,1890,8,749340.0,3432330.0,798450.0,3489030.0,30.0,-30.0,749340.0,3489030.0
24,image24.tif,68,0,True,True,True,EPSG:32644,1632,1886,8,225510.0,3431790.0,274470.0,3488370.0,30.0,-30.0,225510.0,3488370.0
25,image25.tif,71,0,True,True,True,EPSG:32643,1620,1884,8,700770.0,3486720.0,749370.0,3543240.0,30.0,-30.0,700770.0,3543240.0
26,image26.tif,72,0,True,True,True,EPSG:32643,1629,1891,8,748020.0,3487770.0,796890.0,3544500.0,30.0,-30.0,748020.0,3544500.0
27,image27.tif,73,0,True,True,True,EPSG:32643,1638,1899,8,795270.0,3489000.0,844410.0,3545970.0,30.0,-30.0,795270.0,3545970.0
28,image28.tif,76,0,True,True,True,EPSG:32643,1604,1876,8,652680.0,3541350.0,700800.0,3597630.0,30.0,-30.0,652680.0,3597630.0
29,image29.tif,77,0,True,True,True,EPSG:32643,1613,1884,8,699660.0,3542160.0,748050.0,3598680.0,30.0,-30.0,699660.0,3598680.0
30,image30.tif,78,0,True,True,True,EPSG:32643,1622,1891,8,746640.0,3543210.0,795300.0,3599940.0,30.0,-30.0,746640.0,3599940.0
31,image31.tif,83,0,True,True,True,EPSG:32643,1595,1876,8,651840.0,3596790.0,699690.0,3653070.0,30.0,-30.0,651840.0,3653070.0
32,image32.tif,84,0,True,True,True,EPSG:32643,1604,1885,8,698550.0,3597600.0,746670.0,3654150.0,30.0,-30.0,698550.0,3654150.0
33,image33.tif,85,0,True,True,True,EPSG:32643,1613,1892,8,745290.0,3598650.0,793680.0,3655410.0,30.0,-30.0,745290.0,3655410.0
34,image34.tif,90,0,True,True,True,EPSG:32643,1558,1851,8,465000.0,3651030.0,511740.0,3706560.0,30.0,-30.0,465000.0,3706560.0
35,image35.tif,91,0,True,True,True,EPSG:32643,1569,1862,8,558090.0,3651210.0,605160.0,3707070.0,30.0,-30.0,558090.0,3707070.0
36,image36.tif,93,0,True,True,True,EPSG:32643,1587,1877,8,650970.0,3652230.0,698580.0,3708540.0,30.0,-30.0,650970.0,3708540.0
37,image37.tif,94,0,True,True,True,EPSG:32643,1597,1885,8,697410.0,3653040.0,745320.0,3709590.0,30.0,-30.0,697410.0,3709590.0
38,image38.tif,95,0,True,True,True,EPSG:32643,1605,1892,8,743880.0,3654120.0,792030.0,3710880.0,30.0,-30.0,743880.0,3710880.0
39,image39.tif,96,0,True,True,True,EPSG:32643,1614,1900,8,790350.0,3655380.0,838770.0,3712380.0,30.0,-30.0,790350.0,3712380.0
40,image40.tif,100,0,True,True,True,EPSG:32643,1549,1851,8,465180.0,3706470.0,511650.0,3762000.0,30.0,-30.0,465180.0,3762000.0
41,image41.tif,101,0,True,True,True,EPSG:32643,1552,1855,8,511560.0,3706470.0,558120.0,3762120.0,30.0,-30.0,511560.0,3762120.0
42,image42.tif,102,0,True,True,True,EPSG:32643,1561,1862,8,557730.0,3706650.0,604560.0,3762510.0,30.0,-30.0,557730.0,3762510.0
43,image43.tif,104,0,True,True,True,EPSG:32643,1578,1877,8,650100.0,3707670.0,697440.0,3763980.0,30.0,-30.0,650100.0,3763980.0
44,image44.tif,105,0,True,True,True,EPSG:32643,1588,1885,8,696270.0,3708510.0,743910.0,3765060.0,30.0,-30.0,696270.0,3765060.0
45,image45.tif,106,0,True,True,True,EPSG:32643,1597,1893,8,742470.0,3709560.0,790380.0,3766350.0,30.0,-30.0,742470.0,3766350.0
46,image46.tif,107,0,True,True,True,EPSG:32643,1606,1901,8,788670.0,3710850.0,836850.0,3767880.0,30.0,-30.0,788670.0,3767880.0
47,image47.tif,109,0,True,True,True,EPSG:32643,1540,1851,8,465390.0,3761910.0,511590.0,3817440.0,30.0,-30.0,465390.0,3817440.0
48,image48.tif,110,0,True,True,True,EPSG:32643,1542,1855,8,511500.0,3761910.0,557760.0,3817560.0,30.0,-30.0,511500.0,3817560.0
49,image49.tif,111,0,True,True,True,EPSG:32643,1552,1862,8,557400.0,3762090.0,603960.0,3817950.0,30.0,-30.0,557400.0,3817950.0
50,image50.tif,113,0,True,True,True,EPSG:32643,1570,1877,8,649200.0,3763110.0,696300.0,3819420.0,30.0,-30.0,649200.0,3819420.0
51,image51.tif,114,0,True,True,True,EPSG:32643,1579,1885,8,695130.0,3763950.0,742500.0,3820500.0,30.0,-30.0,695130.0,3820500.0
52,image52.tif,115,0,True,True,True,EPSG:32643,1589,1893,8,741030.0,3765030.0,788700.0,3821820.0,30.0,-30.0,741030.0,3821820.0
53,image53.tif,116,0,True,True,True,EPSG:32643,1598,1901,8,786960.0,3766320.0,834900.0,3823350.0,30.0,-30.0,786960.0,3823350.0
54,image54.tif,131,0,True,True,False,EPSG:32642,1522,1852,8,465810.0,3872790.0,511470.0,3928350.0,30.0,-30.0,465810.0,3928350.0
55,image55.tif,132,0,True,True,True,EPSG:32642,1524,1855,8,511350.0,3872820.0,557070.0,3928470.0,30.0,-30.0,511350.0,3928470.0
56,image56.tif,133,0,True,True,True,EPSG:32642,1533,1863,8,556710.0,3872970.0,602700.0,3928860.0,30.0,-30.0,556710.0,3928860.0
57,image57.tif,134,0,True,True,True,EPSG:32642,1543,1870,8,602040.0,3873390.0,648330.0,3929490.0,30.0,-30.0,602040.0,3929490.0
58,image58.tif,135,0,True,True,True,EPSG:32642,1553,1878,8,647400.0,3874020.0,693990.0,3930360.0,30.0,-30.0,647400.0,3930360.0
59,image59.tif,136,0,True,True,True,EPSG:32643,1567,1890,8,237630.0,3875370.0,284640.0,3932070.0,30.0,-30.0,237630.0,3932070.0
60,image60.tif,137,0,True,True,True,EPSG:32643,1558,1882,8,283260.0,3874410.0,330000.0,3930870.0,30.0,-30.0,283260.0,3930870.0
61,image61.tif,138,0,True,True,True,EPSG:32643,1547,1875,8,328920.0,3873660.0,375330.0,3929910.0,30.0,-30.0,328920.0,3929910.0
62,image62.tif,139,0,True,True,True,EPSG:32643,1538,1867,8,374550.0,3873150.0,420690.0,3929160.0,30.0,-30.0,374550.0,3929160.0
63,image63.tif,140,0,True,True,True,EPSG:32643,1529,1859,8,420180.0,3872850.0,466050.0,3928620.0,30.0,-30.0,420180.0,3928620.0
64,image64.tif,141,0,True,True,True,EPSG:32643,1522,1852,8,465810.0,3872790.0,511470.0,3928350.0,30.0,-30.0,465810.0,3928350.0
65,image65.tif,142,0,True,True,True,EPSG:32643,1524,1855,8,511350.0,3872820.0,557070.0,3928470.0,30.0,-30.0,511350.0,3928470.0
66,image66.tif,143,0,True,True,True,EPSG:32643,1533,1863,8,556710.0,3872970.0,602700.0,3928860.0,30.0,-30.0,556710.0,3928860.0
67,image67.tif,149,0,True,True,True,EPSG:32642,1515,1855,8,511290.0,3928260.0,556740.0,3983910.0,30.0,-30.0,511290.0,3983910.0
68,image68.tif,150,0,True,True,True,EPSG:32642,1524,1863,8,556350.0,3928440.0,602070.0,3984330.0,30.0,-30.0,556350.0,3984330.0
69,image69.tif,151,0,True,True,True,EPSG:32642,1534,1871,8,601410.0,3928830.0,647430.0,3984960.0,30.0,-30.0,601410.0,3984960.0
70,image70.tif,152,0,True,True,True,EPSG:32642,1543,1879,8,646500.0,3929460.0,692790.0,3985830.0,30.0,-30.0,646500.0,3985830.0
71,image71.tif,155,0,True,True,True,EPSG:32643,1557,1891,8,239250.0,3930840.0,285960.0,3987570.0,30.0,-30.0,239250.0,3987570.0
72,image72.tif,156,0,True,True,True,EPSG:32643,1548,1882,8,284610.0,3929880.0,331050.0,3986340.0,30.0,-30.0,284610.0,3986340.0
73,image73.tif,157,0,True,True,True,EPSG:32643,1538,1874,8,329970.0,3929130.0,376110.0,3985350.0,30.0,-30.0,329970.0,3985350.0
74,image74.tif,158,0,True,True,True,EPSG:32643,1530,1867,8,375300.0,3928590.0,421200.0,3984600.0,30.0,-30.0,375300.0,3984600.0
75,image75.tif,159,0,True,True,True,EPSG:32643,1520,1859,8,420660.0,3928320.0,466260.0,3984090.0,30.0,-30.0,420660.0,3984090.0
76,image76.tif,160,0,True,True,True,EPSG:32643,1512,1851,8,466020.0,3928260.0,511380.0,3983790.0,30.0,-30.0,466020.0,3983790.0
77,image77.tif,161,0,True,True,True,EPSG:32643,1515,1855,8,511290.0,3928260.0,556740.0,3983910.0,30.0,-30.0,511290.0,3983910.0
78,image78.tif,166,0,True,True,True,EPSG:32642,1515,1863,8,555990.0,3983880.0,601440.0,4039770.0,30.0,-30.0,555990.0,4039770.0
79,image79.tif,167,0,True,True,True,EPSG:32642,1525,1871,8,600780.0,3984300.0,646530.0,4040430.0,30.0,-30.0,600780.0,4040430.0
80,image80.tif,168,0,True,True,True,EPSG:32642,1534,1879,8,645570.0,3984930.0,691590.0,4041300.0,30.0,-30.0,645570.0,4041300.0
81,image81.tif,171,0,True,True,True,EPSG:32643,1549,1891,8,240870.0,3986310.0,287340.0,4043040.0,30.0,-30.0,240870.0,4043040.0
82,image82.tif,172,0,True,True,True,EPSG:32643,1540,1883,8,285930.0,3985320.0,332130.0,4041810.0,30.0,-30.0,285930.0,4041810.0
83,image83.tif,173,0,True,True,True,EPSG:32643,1529,1875,8,331020.0,3984570.0,376890.0,4040820.0,30.0,-30.0,331020.0,4040820.0
84,image84.tif,174,0,True,True,True,EPSG:32643,1520,1867,8,376080.0,3984060.0,421680.0,4040070.0,30.0,-30.0,376080.0,4040070.0
85,image85.tif,175,0,True,True,True,EPSG:32643,1510,1860,8,421170.0,3983760.0,466470.0,4039560.0,30.0,-30.0,421170.0,4039560.0
86,image86.tif,176,0,True,True,True,EPSG:32643,1503,1852,8,466230.0,3983700.0,511320.0,4039260.0,30.0,-30.0,466230.0,4039260.0
87,image87.tif,177,0,True,True,True,EPSG:32643,1506,1856,8,511200.0,3983700.0,556380.0,4039380.0,30.0,-30.0,511200.0,4039380.0
88,image88.tif,179,0,True,True,True,EPSG:32642,1506,1863,8,555630.0,4039350.0,600810.0,4095240.0,30.0,-30.0,555630.0,4095240.0
89,image89.tif,180,0,True,True,True,EPSG:32642,1516,1872,8,600120.0,4039740.0,645600.0,4095900.0,30.0,-30.0,600120.0,4095900.0
90,image90.tif,181,0,True,True,True,EPSG:32642,1525,1879,8,644610.0,4040400.0,690360.0,4096770.0,30.0,-30.0,644610.0,4096770.0
91,image91.tif,199,0,True,True,True,EPSG:32642,1507,1880,8,642690.0,4151340.0,687900.0,4207740.0,30.0,-30.0,642690.0,4207740.0
92,image92.tif,117,0,True,True,True,EPSG:32643,1353,1861,8,832890.0,3767850.0,873480.0,3823680.0,30.0,-30.0,832890.0,3823680.0
93,image93.tif,18,0,True,True,True,EPSG:32645,1669,1877,8,266460.0,3098370.0,316530.0,3154680.0,30.0,-30.0,266460.0,3154680.0
94,image94.tif,97,0,True,True,True,EPSG:32644,1572,1881,8,278130.0,3652590.0,325290.0,3709020.0,30.0,-30.0,278130.0,3709020.0
95,image95.tif,21,0,True,True,True,EPSG:32645,1640,659,8,414000.0,3097020.0,463200.0,3116790.0,30.0,-30.0,414000.0,3116790.0
96,image96.tif,3,0,True,True,True,EPSG:32645,1647,1849,8,462990.0,3041580.0,512400.0,3097050.0,30.0,-30.0,462990.0,3097050.0
97,image97.tif,147,0,True,True,True,EPSG:32643,1569,1880,8,738210.0,3875940.0,785280.0,3932340.0,30.0,-30.0,738210.0,3932340.0
98,image98.tif,66,0,True,True,True,EPSG:32644,1026,1156,8,416040.0,3374070.0,446820.0,3408750.0,30.0,-30.0,416040.0,3408750.0
99,image99.tif,88,0,True,True,True,EPSG:32644,614,1851,8,323880.0,3597090.0,342300.0,3652620.0,30.0,-30.0,323880.0,3652620.0
100,image100.tif,28,0,True,True,True,EPSG:32645,1581,311,8,856410.0,3102270.0,903840.0,3111600.0,30.0,-30.0,856410.0,3111600.0
101,image101.tif,89,0,True,True,False,EPSG:32643,1564,1858,8,418290.0,3651120.0,465210.0,3706860.0,30.0,-30.0,418290.0,3706860.0
102,image102.tif,43,0,True,True,True,EPSG:32647,1651,1884,8,218580.0,3154650.0,268110.0,3211170.0,30.0,-30.0,218580.0,3211170.0
103,image103.tif,178,0,True,True,True,EPSG:32643,1441,1859,8,555990.0,3983880.0,599220.0,4039650.0,30.0,-30.0,555990.0,4039650.0
104,image104.tif,182,0,True,True,True,EPSG:32642,1535,1875,8,689100.0,4041270.0,735150.0,4097520.0,30.0,-30.0,689100.0,4097520.0
105,image105.tif,41,0,True,True,True,EPSG:32645,245,678,8,316500.0,3153720.0,323850.0,3174060.0,30.0,-30.0,316500.0,3174060.0
106,image106.tif,126,0,True,True,True,EPSG:32643,1562,1878,8,648300.0,3818550.0,695160.0,3874890.0,30.0,-30.0,648300.0,3874890.0
107,image107.tif,121,0,True,True,True,EPSG:32643,1538,1859,8,419700.0,3817410.0,465840.0,3873180.0,30.0,-30.0,419700.0,3873180.0
108,image108.tif,164,0,True,True,True,EPSG:32643,1529,1010,8,646920.0,3929460.0,692790.0,3959760.0,30.0,-30.0,646920.0,3959760.0
109,image109.tif,61,0,True,True,True,EPSG:32644,970,1148,8,608190.0,3319080.0,637290.0,3353520.0,30.0,-30.0,608190.0,3353520.0
110,image110.tif,14,0,True,True,True,EPSG:32646,1652,1549,8,413580.0,3041640.0,463140.0,3088110.0,30.0,-30.0,413580.0,3088110.0
111,image111.tif,98,0,True,True,True,EPSG:32644,139,757,8,324840.0,3652530.0,329010.0,3675240.0,30.0,-30.0,324840.0,3675240.0
112,image112.tif,19,0,True,True,True,EPSG:32645,1651,1870,8,315660.0,3097710.0,365190.0,3153810.0,30.0,-30.0,315660.0,3153810.0
113,image113.tif,125,0,True,True,True,EPSG:32643,1552,1871,8,602670.0,3817920.0,649230.0,3874050.0,30.0,-30.0,602670.0,3874050.0
114,image114.tif,200,0,True,True,True,EPSG:32642,1396,1861,8,686610.0,4152210.0,728490.0,4208040.0,30.0,-30.0,686610.0,4208040.0
115,image115.tif,145,0,True,True,True,EPSG:32643,1553,1878,8,647400.0,3874020.0,693990.0,3930360.0,30.0,-30.0,647400.0,3930360.0
116,image116.tif,26,0,True,True,True,EPSG:32645,1654,1323,8,757770.0,3099750.0,807390.0,3139440.0,30.0,-30.0,757770.0,3139440.0
117,image117.tif,190,0,True,True,True,EPSG:32643,1496,1850,8,511140.0,4039170.0,556020.0,4094670.0,30.0,-30.0,511140.0,4094670.0
118,image118.tif,40,0,True,True,True,EPSG:32645,1644,911,8,267540.0,3153780.0,316860.0,3181110.0,30.0,-30.0,267540.0,3181110.0
119,image119.tif,54,0,True,True,True,EPSG:32644,1635,1858,8,608520.0,3263670.0,657570.0,3319410.0,30.0,-30.0,608520.0,3319410.0
120,image120.tif,187,0,True,True,True,EPSG:32643,1511,1867,8,376860.0,4039530.0,422190.0,4095540.0,30.0,-30.0,376860.0,4095540.0
121,image121.tif,49,0,True,True,True,EPSG:32646,1644,1450,8,755190.0,3210570.0,804510.0,3254070.0,30.0,-30.0,755190.0,3254070.0
122,image122.tif,15,0,True,True,True,EPSG:32646,1647,1848,8,462990.0,3041580.0,512400.0,3097020.0,30.0,-30.0,462990.0,3097020.0
123,image123.tif,4,0,True,True,True,EPSG:32645,1648,1367,8,512340.0,3041580.0,561780.0,3082590.0,30.0,-30.0,512340.0,3082590.0
124,image124.tif,5,0,True,True,True,EPSG:32645,1654,1684,8,561570.0,3041730.0,611190.0,3092250.0,30.0,-30.0,561570.0,3092250.0
125,image125.tif,163,0,True,True,True,EPSG:32643,1532,1716,8,601470.0,3928830.0,647430.0,3980310.0,30.0,-30.0,601470.0,3980310.0
126,image126.tif,33,0,True,True,True,EPSG:32647,1644,1863,8,364830.0,3097260.0,414150.0,3153150.0,30.0,-30.0,364830.0,3153150.0
127,image127.tif,50,0,True,True,True,EPSG:32647,1027,1321,8,219930.0,3210450.0,250740.0,3250080.0,30.0,-30.0,219930.0,3250080.0
128,image128.tif,192,0,True,True,True,EPSG:32642,1185,1878,8,687870.0,4096740.0,723420.0,4153080.0,30.0,-30.0,687870.0,4153080.0
129,image129.tif,129,0,True,True,True,EPSG:32643,1589,1852,8,785250.0,3821790.0,832920.0,3877350.0,30.0,-30.0,785250.0,3877350.0
130,image130.tif,65,0,True,True,True,EPSG:32644,1609,1859,8,368070.0,3374280.0,416340.0,3430050.0,30.0,-30.0,368070.0,3430050.0
131,image131.tif,24,0,True,True,True,EPSG:32645,701,475,8,659610.0,3098010.0,680640.0,3112260.0,30.0,-30.0,659610.0,3112260.0
132,image132.tif,185,0,True,True,True,EPSG:32643,1530,1883,8,287310.0,4040790.0,333210.0,4097280.0,30.0,-30.0,287310.0,4097280.0
133,image133.tif,8,0,True,True,True,EPSG:32645,1656,1880,8,709710.0,3043380.0,759390.0,3099780.0,30.0,-30.0,709710.0,3099780.0
134,image134.tif,194,0,True,True,True,EPSG:32643,1508,1770,8,333180.0,4095510.0,378420.0,4148610.0,30.0,-30.0,333180.0,4148610.0
135,image135.tif,9,0,True,True,False,EPSG:32645,1687,1887,8,758190.0,3044310.0,808800.0,3100920.0,30.0,-30.0,758190.0,3100920.0
136,image136.tif,56,0,True,True,True,EPSG:32644,1622,1864,8,367410.0,3318870.0,416070.0,3374790.0,30.0,-30.0,367410.0,3374790.0
137,image137.tif,75,0,True,True,True,EPSG:32643,1595,1869,8,605700.0,3540750.0,653550.0,3596820.0,30.0,-30.0,605700.0,3596820.0
138,image138.tif,82,0,True,True,True,EPSG:32643,1586,1870,8,605130.0,3596160.0,652710.0,3652260.0,30.0,-30.0,605130.0,3652260.0
139,image139.tif,92,0,True,True,True,EPSG:32643,1578,1870,8,604530.0,3651600.0,651870.0,3707700.0,30.0,-30.0,604530.0,3707700.0
140,image140.tif,103,0,True,True,True,EPSG:32643,1569,1870,8,603930.0,3707040.0,651000.0,3763140.0,30.0,-30.0,603930.0,3763140.0
141,image141.tif,112,0,True,True,True,EPSG:32643,1561,1870,8,603300.0,3762480.0,650130.0,3818580.0,30.0,-30.0,603300.0,3818580.0
142,image142.tif,118,0,True,True,False,EPSG:32642,1548,1866,8,373770.0,3817710.0,420210.0,3873690.0,30.0,-30.0,373770.0,3873690.0
143,image143.tif,119,0,True,True,True,EPSG:32643,1557,1874,8,327870.0,3818220.0,374580.0,3874440.0,30.0,-30.0,327870.0,3874440.0
144,image144.tif,127,0,True,True,True,EPSG:32643,1570,1886,8,693960.0,3819390.0,741060.0,3875970.0,30.0,-30.0,693960.0,3875970.0
145,image145.tif,128,0,True,True,True,EPSG:32643,1580,1894,8,739590.0,3820470.0,786990.0,3877290.0,30.0,-30.0,739590.0,3877290.0
146,image146.tif,144,0,True,True,True,EPSG:32643,1543,1870,8,602040.0,3873390.0,648330.0,3929490.0,30.0,-30.0,602040.0,3929490.0
147,image147.tif,154,0,True,True,True,EPSG:32642,1562,1895,8,736650.0,3931410.0,783510.0,3988260.0,30.0,-30.0,736650.0,3988260.0
148,image148.tif,57,0,True,True,True,EPSG:32644,1614,1857,8,415620.0,3318600.0,464040.0,3374310.0,30.0,-30.0,415620.0,3374310.0
149,image149.tif,69,0,True,True,True,EPSG:32644,1621,1880,8,273240.0,3430860.0,321870.0,3487260.0,30.0,-30.0,273240.0,3487260.0
150,image150.tif,99,0,True,True,True,EPSG:32643,1556,1859,8,418740.0,3706530.0,465420.0,3762300.0,30.0,-30.0,418740.0,3762300.0
151,image151.tif,202,0,True,True,True,EPSG:32642,761,1501,8,685560.0,4207710.0,708390.0,4252740.0,30.0,-30.0,685560.0,4252740.0
152,image152.tif,183,0,True,True,True,EPSG:32642,1515,1421,8,734520.0,4042380.0,779970.0,4085010.0,30.0,-30.0,734520.0,4085010.0
153,image153.tif,32,0,True,True,True,EPSG:32647,1661,1853,8,315660.0,3097710.0,365490.0,3153300.0,30.0,-30.0,315660.0,3153300.0
154,image154.tif,7,0,True,True,True,EPSG:32645,1672,1857,8,659820.0,3042630.0,709980.0,3098340.0,30.0,-30.0,659820.0,3098340.0
155,image155.tif,79,0,True,True,True,EPSG:32643,1630,1878,8,793650.0,3544470.0,842550.0,3600810.0,30.0,-30.0,793650.0,3600810.0
156,image156.tif,47,0,True,True,True,EPSG:32644,1659,1861,8,706020.0,3209610.0,755790.0,3265440.0,30.0,-30.0,706020.0,3265440.0
157,image157.tif,30,0,True,True,True,EPSG:32646,1537,1304,8,466230.0,3096960.0,512340.0,3136080.0,30.0,-30.0,466230.0,3136080.0
158,image158.tif,195,0,True,True,True,EPSG:32643,1495,1680,8,377670.0,4095000.0,422520.0,4145400.0,30.0,-30.0,377670.0,4145400.0
159,image159.tif,153,0,True,True,True,EPSG:32642,1553,1886,8,691560.0,3930330.0,738150.0,3986910.0,30.0,-30.0,691560.0,3986910.0
160,image160.tif,165,0,True,True,True,EPSG:32643,750,218,8,692610.0,3930330.0,715110.0,3936870.0,30.0,-30.0,692610.0,3936870.0
161,image161.tif,60,0,True,True,True,EPSG:32644,1617,1661,8,560040.0,3318720.0,608550.0,3368550.0,30.0,-30.0,560040.0,3368550.0
162,image162.tif,51,0,True,True,True,EPSG:32644,1616,1850,8,463680.0,3263130.0,512160.0,3318630.0,30.0,-30.0,463680.0,3318630.0
163,image163.tif,29,0,True,True,True,EPSG:32646,1010,280,8,318870.0,3097920.0,349170.0,3106320.0,30.0,-30.0,318870.0,3106320.0
164,image164.tif,170,0,True,True,True,EPSG:32642,1554,1895,8,735120.0,3986880.0,781740.0,4043730.0,30.0,-30.0,735120.0,4043730.0
165,image165.tif,58,0,True,True,True,EPSG:32644,1608,1711,8,463860.0,3318540.0,512100.0,3369870.0,30.0,-30.0,463860.0,3369870.0
166,image166.tif,39,0,True,True,True,EPSG:32645,1651,1884,8,218580.0,3154650.0,268110.0,3211170.0,30.0,-30.0,218580.0,3211170.0
167,image167.tif,1,0,True,True,True,EPSG:32645,1661,1862,8,364200.0,3041880.0,414030.0,3097740.0,30.0,-30.0,364200.0,3097740.0
168,image168.tif,48,0,True,True,True,EPSG:32644,1639,1299,8,755340.0,3210570.0,804510.0,3249540.0,30.0,-30.0,755340.0,3249540.0
169,image169.tif,191,0,True,True,True,EPSG:32643,1093,1008,8,555810.0,4039350.0,588600.0,4069590.0,30.0,-30.0,555810.0,4069590.0
170,image170.tif,124,0,True,True,True,EPSG:32643,1543,1863,8,557040.0,3817530.0,603330.0,3873420.0,30.0,-30.0,557040.0,3873420.0
171,image171.tif,11,0,True,True,True,EPSG:32645,1704,1900,8,856590.0,3046800.0,907710.0,3103800.0,30.0,-30.0,856590.0,3103800.0
172,image172.tif,80,0,True,True,True,EPSG:32644,1608,1848,8,275670.0,3542370.0,323910.0,3597810.0,30.0,-30.0,275670.0,3597810.0
173,image173.tif,22,0,True,True,True,EPSG:32645,862,411,8,463140.0,3096960.0,489000.0,3109290.0,30.0,-30.0,463140.0,3109290.0
174,image174.tif,87,0,True,True,True,EPSG:32644,1591,1881,8,277140.0,3597150.0,324870.0,3653580.0,30.0,-30.0,277140.0,3653580.0
175,image175.tif,34,0,True,True,True,EPSG:32647,114,596,8,414000.0,3097260.0,417420.0,3115140.0,30.0,-30.0,414000.0,3115140.0
176,image176.tif,81,0,True,True,True,EPSG:32644,134,287,8,323730.0,3588570.0,327750.0,3597180.0,30.0,-30.0,323730.0,3597180.0
177,image177.tif,2,0,True,True,True,EPSG:32645,1653,1855,8,413580.0,3041640.0,463170.0,3097290.0,30.0,-30.0,413580.0,3097290.0
178,image178.tif,12,0,True,True,True,EPSG:32646,1664,1868,8,314790.0,3042330.0,364710.0,3098370.0,30.0,-30.0,314790.0,3098370.0
179,image179.tif,169,0,True,True,True,EPSG:32642,1545,1887,8,690330.0,3985800.0,736680.0,4042410.0,30.0,-30.0,690330.0,4042410.0
180,image180.tif,55,0,True,True,True,EPSG:32644,1637,1408,8,656940.0,3264240.0,706050.0,3306480.0,30.0,-30.0,656940.0,3306480.0
181,image181.tif,196,0,True,True,True,EPSG:32643,1490,1587,8,422160.0,4094700.0,466860.0,4142310.0,30.0,-30.0,422160.0,4142310.0
182,image182.tif,74,0,True,True,True,EPSG:32644,709,1856,8,274440.0,3487020.0,295710.0,3542700.0,30.0,-30.0,274440.0,3542700.0
183,image183.tif,120,0,True,True,True,EPSG:32643,1548,1866,8,373770.0,3817710.0,420210.0,3873690.0,30.0,-30.0,373770.0,3873690.0
184,image184.tif,198,0,True,True,True,EPSG:32643,128,108,8,511140.0,4094640.0,514980.0,4097880.0,30.0,-30.0,511140.0,4097880.0
185,image185.tif,13,0,True,True,True,EPSG:32646,1656,1471,8,364200.0,3041880.0,413880.0,3086010.0,30.0,-30.0,364200.0,3086010.0
186,image186.tif,108,0,True,True,True,EPSG:32643,592,1864,8,834870.0,3712350.0,852630.0,3768270.0,30.0,-30.0,834870.0,3768270.0
187,image187.tif,188,0,True,True,True,EPSG:32643,1501,1860,8,421650.0,4039230.0,466680.0,4095030.0,30.0,-30.0,421650.0,4095030.0
188,image188.tif,148,0,True,True,True,EPSG:32643,88,383,8,784890.0,3877260.0,787530.0,3888750.0,30.0,-30.0,784890.0,3888750.0
189,image189.tif,162,0,True,True,True,EPSG:32643,1524,1862,8,556350.0,3928440.0,602070.0,3984300.0,30.0,-30.0,556350.0,3984300.0
190,image190.tif,123,0,True,True,True,EPSG:32643,1533,1855,8,511440.0,3817350.0,557430.0,3873000.0,30.0,-30.0,511440.0,3873000.0
191,image191.tif,23,0,True,True,True,EPSG:32645,815,485,8,635400.0,3097710.0,659850.0,3112260.0,30.0,-30.0,635400.0,3112260.0
192,image192.tif,146,0,True,True,True,EPSG:32643,1562,1867,8,692760.0,3874860.0,739620.0,3930870.0,30.0,-30.0,692760.0,3930870.0
193,image193.tif,70,0,True,True,True,EPSG:32644,1257,1648,8,321000.0,3430290.0,358710.0,3479730.0,30.0,-30.0,321000.0,3479730.0
194,image194.tif,27,0,True,True,True,EPSG:32645,1674,1314,8,806400.0,3100890.0,856620.0,3140310.0,30.0,-30.0,806400.0,3140310.0
195,image195.tif,197,0,True,True,True,EPSG:32643,1484,1509,8,466650.0,4094640.0,511170.0,4139910.0,30.0,-30.0,466650.0,4139910.0
196,image196.tif,186,0,True,True,True,EPSG:32643,1520,1875,8,332100.0,4040040.0,377700.0,4096290.0,30.0,-30.0,332100.0,4096290.0
197,image197.tif,193,0,True,True,True,EPSG:32643,1511,1378,8,288690.0,4096260.0,334020.0,4137600.0,30.0,-30.0,288690.0,4137600.0
198,image198.tif,122,0,True,True,True,EPSG:32643,1531,1851,8,465600.0,3817350.0,511530.0,3872880.0,30.0,-30.0,465600.0,3872880.0
199,image199.tif,6,0,True,True,True,EPSG:32645,1663,1865,8,610680.0,3042090.0,660570.0,3098040.0,30.0,-30.0,610680.0,3098040.0
200,image200.tif,189,0,True,True,True,EPSG:32643,1493,1852,8,466440.0,4039170.0,511230.0,4094730.0,30.0,-30.0,466440.0,4094730.0
201,image201.tif,42,0,True,True,True,EPSG:32646,1023,699,8,530520.0,3152400.0,561210.0,3173370.0,30.0,-30.0,530520.0,3173370.0
